before,after
228.5752732,228.55
244.0076316,238.9455657
262.4603229,255.62
224.3203516,224.22
202.141848,199.71
246.9838721,248.4695355
195.8586736,192.6043983
231.8822072,228.8483941
243.3241986,233.8528875
266.7372908,270.4
