before,after
103.6799999,103.6685362
110.6799999,108.3838855
119.0499999,115.9472816
101.7499999,101.7044812
91.68999992,90.58693221
112.0299999,112.7038855
88.83999993,87.36388548
105.1799999,103.8038855
110.3699999,106.0738855
120.9899999,122.6513768
